[{
    
    "data": 0,
    "img": "https://sslimages.shoppersstop.com/B8AC9759D45547D9AEF177F0DE13B7C8/img/48F0DD4B690246F0B708B0B9ADF69640/203260274_9508_48F0DD4B690246F0B708B0B9ADF69640.jpg",
    "name": "Kajal Sarees",
    "price": 190.00,
    "category": "Trending",
    "to":"Women",
    "rangePoint":52,
    "offerPrice": 160.00
}, {
    "data": 1,
    "img": "https://encrypted-tbn0.gstatic.com/images?q=tbn:ANd9GcQ1gBdLFISFu3Xrx5VoGKaTLMZbyiEx3Z6h3JEwA_69O7cmHdtTvg",
    "name": "TV",
    "price": 185.00,
    "category": "Electronics",
    "to":"Kids",
    "rangePoint":58,
    "offerPrice": 150.00
}, {
    "data": 2,
    "img": "https://target.scene7.com/is/image/Target/GUEST_cafdef6f-bd7c-4e86-99f3-189490d5b306?wid=488&hei=488&fmt=pjpeg",
    "name": "Sofa",
    "price": 210.00,
    "category": "Home Decor",
    "to":"Others",
    "rangePoint":60,
    "offerPrice": 180.00
}, {
    "data": 3,
    "img": "https://images2.drct2u.com/plp_full_width_1/products/gm/gm224/q08gm224500s.jpg",
    "name": "Suit",
    "price": 150.00,
    "category": "Lifestyle",
    "to":"Men",
    "rangePoint":52,
    "offerPrice": 110.00
}, {
    "data": 4,
    "img": "https://encrypted-tbn0.gstatic.com/images?q=tbn:ANd9GcT2mMlb3IfN8UvjfvyRU5x8MrMjLMQnDKTRKGInHO5QuYqpdVzi",
    "name": "Dress",
    "price": 250.00,
    "category": "Trending",
    "to":"Women",
    "rangePoint":66,
    "offerPrice": 210.00
}, {
    "data": 5,
    "img": "https://www.ikea.com/ca/en/images/products/tjalla-wall-clock__0633571_PE695905_S4.JPG",
    "name": "Clock",
    "price": 85.00,
    "category": "Trending",
    "to":"Kids",
    "rangePoint":25,
    "offerPrice": 50.00
}, {
    "data": 6,
    "img": "https://target.scene7.com/is/image/Target/GUEST_cafdef6f-bd7c-4e86-99f3-189490d5b306?wid=488&hei=488&fmt=pjpeg",
    "name": "Sofa",
    "price": 210.00,
    "category": "Home Decor",
    "to":"Others",
    "rangePoint":60,
    "offerPrice": 180.00
}, {
    "data": 7,
    "img": "https://encrypted-tbn0.gstatic.com/images?q=tbn:ANd9GcQ1gBdLFISFu3Xrx5VoGKaTLMZbyiEx3Z6h3JEwA_69O7cmHdtTvg",
    "name": "TV",
    "price": 175.00,
    "category": "Electronics",
    "to":"Kids",
    "rangePoint":58,
    "offerPrice": 150.00
}, {
    "data": 8,
    "img": "https://encrypted-tbn0.gstatic.com/images?q=tbn:ANd9GcT2mMlb3IfN8UvjfvyRU5x8MrMjLMQnDKTRKGInHO5QuYqpdVzi",
    "name": "Dress",
    "price": 230.00,
    "category": "Lifestyle",
    "to":"Women",
    "rangePoint":66,
    "offerPrice": 210.00
}, {
    "data": 9,
    "img": "https://images2.drct2u.com/plp_full_width_1/products/gm/gm224/q08gm224500s.jpg",
    "name": "Suit",
    "price": 160.00,
    "category": "Lifestyle",
    "to":"Men",
    "rangePoint":52,
    "offerPrice": 110.00
}, {
    "data": 10,
    "img": "https://www.ikea.com/ca/en/images/products/tjalla-wall-clock__0633571_PE695905_S4.JPG",
    "name": "Clock",
    "price": 90.00,
    "category": "Trending",
    "to":"Kids",
    "rangePoint":25,
    "offerPrice": 500.00
}, {
    "data": 11,
    "img": "https://encrypted-tbn0.gstatic.com/images?q=tbn:ANd9GcQ1gBdLFISFu3Xrx5VoGKaTLMZbyiEx3Z6h3JEwA_69O7cmHdtTvg",
    "name": "TV",
    "price": 180.00,
    "category": "Lifestyle",
    "to":"Others",
    "rangePoint":58,
    "offerPrice": 150.00
}, {
    "data": 12,
    "img": "https://target.scene7.com/is/image/Target/GUEST_cafdef6f-bd7c-4e86-99f3-189490d5b306?wid=488&hei=488&fmt=pjpeg",
    "name": "Sofa",
    "price": 222.00,
    "category": "Trending",
    "to":"Others",
    "rangePoint":60,
    "offerPrice": 180.00
}, {
    "data": 13,
    "img": "https://images2.drct2u.com/plp_full_width_1/products/gm/gm224/q08gm224500s.jpg",
    "name": "Suit",
    "price": 150.00,
    "category": "Lifestyle",
    "to":"Men",
    "rangePoint":52,
    "offerPrice": 110.00
}, {
    "data": 14,
    "img": "https://target.scene7.com/is/image/Target/GUEST_cafdef6f-bd7c-4e86-99f3-189490d5b306?wid=488&hei=488&fmt=pjpeg",
    "name": "Sofa",
    "price": 220.00,
    "category": "Home Decor",
    "to":"Others",
    "rangePoint":60,
    "offerPrice": 180.00
}, {
    "data": 15,
    "img": "https://encrypted-tbn0.gstatic.com/images?q=tbn:ANd9GcT2mMlb3IfN8UvjfvyRU5x8MrMjLMQnDKTRKGInHO5QuYqpdVzi",
    "name": "Dress",
    "price": 260.00,
    "category": "Lifestyle",
    "to":"Women",
    "rangePoint":66,
    "offerPrice": 210.00
}, {
    "data": 16,
    "img": "https://images2.drct2u.com/plp_full_width_1/products/gm/gm224/q08gm224500s.jpg",
    "name": "Suit",
    "price": 160.00,
    "category": "Lifestyle",
    "to":"Men",
    "rangePoint":52,
    "offerPrice": 110.00
}, {
    "data": 17,
    "img": "https://encrypted-tbn0.gstatic.com/images?q=tbn:ANd9GcQ1gBdLFISFu3Xrx5VoGKaTLMZbyiEx3Z6h3JEwA_69O7cmHdtTvg",
    "name": "TV",
    "price": 190.00,
    "category": "Electronics",
    "to":"Kids",
    "rangePoint":58,
    "offerPrice": 150.00
}, {
    "data": 18,
    "img": "https://www.ikea.com/ca/en/images/products/tjalla-wall-clock__0633571_PE695905_S4.JPG",
    "name": "Clock",
    "price": 85.00,
    "category": "Lifestyle",
    "to":"Others",
    "rangePoint":25,
    "offerPrice": 50.00
}, {
    "data": 19,
    "img": "https://encrypted-tbn0.gstatic.com/images?q=tbn:ANd9GcT2mMlb3IfN8UvjfvyRU5x8MrMjLMQnDKTRKGInHO5QuYqpdVzi",
    "name": "Dress",
    "price": 240.00,
    "category": "Lifestyle",
    "to":"Women",
    "rangePoint":66,
    "offerPrice": 210.00
}, {
    "data": 20,
    "img": "https://images2.drct2u.com/plp_full_width_1/products/gm/gm224/q08gm224500s.jpg",
    "name": "Suit",
    "price": 160.00,
    "category": "Lifestyle",
    "to":"Men",
    "rangePoint":52,
    "offerPrice": 110.00
}, {
    "data": 21,
    "img": "https://target.scene7.com/is/image/Target/GUEST_cafdef6f-bd7c-4e86-99f3-189490d5b306?wid=488&hei=488&fmt=pjpeg",
    "name": "Sofa",
    "price": 225.00,
    "category": "Home Decor",
    "to":"Others",
    "rangePoint":60,
    "offerPrice": 180.00
}, {
    "data": 22,
    "img": "https://www.ikea.com/ca/en/images/products/tjalla-wall-clock__0633571_PE695905_S4.JPG",
    "name": "Clock",
    "price": 80.00,
    "category": "Lifestyle",
    "to":"Kids",
    "rangePoint":25,
    "offerPrice": 50.00
}, {
    "data": 23,
    "img": "https://www.ikea.com/ca/en/images/products/tjalla-wall-clock__0633571_PE695905_S4.JPG",
    "name": "Clock",
    "price": 80.00,
    "category": "Trending",
    "to":"Others",
    "rangePoint":25,
    "offerPrice": 50.00
}, {
    "data": 24,
    "img": "https://images2.drct2u.com/plp_full_width_1/products/gm/gm224/q08gm224500s.jpg",
    "name": "Suit",
    "price": 160.00,
    "category": "Lifestyle",
    "to":"Men",
    "rangePoint":52,
    "offerPrice": 110.00
}, {
    "data": 25,
    "img": "https://encrypted-tbn0.gstatic.com/images?q=tbn:ANd9GcT2mMlb3IfN8UvjfvyRU5x8MrMjLMQnDKTRKGInHO5QuYqpdVzi",
    "name": "Dress",
    "price": 280.00,
    "category": "Lifestyle",
    "to":"Women",
    "rangePoint":66,
    "offerPrice": 210.00
}]