[{
    
    "data": 0,
    "img": "https://image.ibb.co/nNmKz5/img4.jpg",
    "name": "Kajal Sarees",
    "price": 110.00,
    "category": "Trending",
    "to":"Women",
    "rangePoint":52
}, {
    "data": 1,
    "img": "../../src/images/3.jpg",
    "name": "TV",
    "price": 150.00,
    "category": "Electronics",
    "to":"",
    "rangePoint":58
}, {
    "data": 2,
    "img": "../images/4.jpg",
    "name": "Sofa",
    "price": 180.00,
    "category": "Home Decor",
    "to":"",
    "rangePoint":60
}, {
    "data": 3,
    "img": "../images/1.jpg",
    "name": "Suit",
    "price": 110.00,
    "category": "Lifestyle",
    "to":"Men",
    "rangePoint":52
}, {
    "data": 4,
    "img": "../images/5.jpg",
    "name": "Dress",
    "price": 210.00,
    "category": "Trending",
    "to":"Women",
    "rangePoint":66
}, {
    "data": 5,
    "img": "../images/2.jpg",
    "name": "Clock",
    "price": 50.00,
    "category": "Trending",
    "to":"",
    "rangePoint":25
}, {
    "data": 6,
    "img": "../images/4.jpg",
    "name": "Sofa",
    "price": 180.00,
    "category": "Home Decor",
    "to":"",
    "rangePoint":60
}, {
    "data": 7,
    "img": "../images/3.jpg",
    "name": "TV",
    "price": 150.00,
    "category": "Electronics",
    "to":"",
    "rangePoint":58
}, {
    "data": 8,
    "img": "../images/5.jpg",
    "name": "Dress",
    "price": 210.00,
    "category": "Lifestyle",
    "to":"Women",
    "rangePoint":66
}, {
    "data": 9,
    "img": "../images/1.jpg",
    "name": "Suit",
    "price": 110.00,
    "category": "Lifestyle",
    "to":"Men",
    "rangePoint":52
}, {
    "data": 10,
    "img": "../images/2.jpg",
    "name": "Clock",
    "price": 50.00,
    "category": "Trending",
    "to":"",
    "rangePoint":25
}, {
    "data": 11,
    "img": "../images/3.jpg",
    "name": "TV",
    "price": 150.00,
    "category": "Lifestyle",
    "to":"",
    "rangePoint":58
}, {
    "data": 12,
    "img": "../images/4.jpg",
    "name": "Sofa",
    "price": 180.00,
    "category": "Trending",
    "to":"",
    "rangePoint":60
}, {
    "data": 13,
    "img": "../images/1.jpg",
    "name": "Suit",
    "price": 110.00,
    "category": "Lifestyle",
    "to":"Men",
    "rangePoint":52
}, {
    "data": 14,
    "img": "../images/4.jpg",
    "name": "Sofa",
    "price": 180.00,
    "category": "Home Decor",
    "to":"",
    "rangePoint":60
}, {
    "data": 15,
    "img": "../images/5.jpg",
    "name": "Dress",
    "price": 210.00,
    "category": "Lifestyle",
    "to":"Women",
    "rangePoint":66
}, {
    "data": 16,
    "img": "../images/1.jpg",
    "name": "Suit",
    "price": 110.00,
    "category": "Lifestyle",
    "to":"Men",
    "rangePoint":52
}, {
    "data": 17,
    "img": "../images/3.jpg",
    "name": "TV",
    "price": 150.00,
    "category": "Electronics",
    "to":"",
    "rangePoint":58
}, {
    "data": 18,
    "img": "../images/2.jpg",
    "name": "Clock",
    "price": 50.00,
    "category": "Lifestyle",
    "to":"",
    "rangePoint":25
}, {
    "data": 19,
    "img": "../images/5.jpg",
    "name": "Dress",
    "price": 210.00,
    "category": "Lifestyle",
    "to":"Women",
    "rangePoint":66
}, {
    "data": 20,
    "img": "../images/1.jpg",
    "name": "Suit",
    "price": 110.00,
    "category": "Lifestyle",
    "to":"Men",
    "rangePoint":52
}, {
    "data": 21,
    "img": "../images/4.jpg",
    "name": "Sofa",
    "price": 180.00,
    "category": "Home Decor",
    "to":"",
    "rangePoint":60
}, {
    "data": 22,
    "img": "../images/2.jpg",
    "name": "Clock",
    "price": 50.00,
    "category": "Lifestyle",
    "to":"",
    "rangePoint":25
}, {
    "data": 23,
    "img": "../images/2.jpg",
    "name": "Clock",
    "price": 50.00,
    "category": "Trending",
    "to":"",
    "rangePoint":25
}, {
    "data": 24,
    "img": "../images/1.jpg",
    "name": "Suit",
    "price": 110.00,
    "category": "Lifestyle",
    "to":"Men",
    "rangePoint":52
}, {
    "data": 25,
    "img": "../images/5.jpg",
    "name": "Dress",
    "price": 210.00,
    "category": "Lifestyle",
    "to":"Women",
    "rangePoint":66
}]